{"train": {"denotation": {"total": 691, "correct": 690, "accuracy": 0.9985528219971056}, "token": {"total": 22690, "correct": 22632, "accuracy": 0.9974438078448655}, "sentence": {"total": 691, "correct": 688, "accuracy": 0.9956584659913169}}, "dev": {"denotation": {"total": 186, "correct": 169, "accuracy": 0.9086021505376344}, "token": {"total": 5721, "correct": 5168, "accuracy": 0.9033385771718231}, "sentence": {"total": 186, "correct": 144, "accuracy": 0.7741935483870968}}}
