{"train": {"denotation": {"total": 691, "correct": 689, "accuracy": 0.9971056439942113}, "token": {"total": 22690, "correct": 22652, "accuracy": 0.9983252534156016}, "sentence": {"total": 691, "correct": 688, "accuracy": 0.9956584659913169}}, "dev": {"denotation": {"total": 186, "correct": 159, "accuracy": 0.8548387096774194}, "token": {"total": 5721, "correct": 5111, "accuracy": 0.8933752840412515}, "sentence": {"total": 186, "correct": 130, "accuracy": 0.6989247311827957}}}
