{"train": {"denotation": {"total": 691, "correct": 690, "accuracy": 0.9985528219971056}, "token": {"total": 22690, "correct": 22602, "accuracy": 0.9961216394887615}, "sentence": {"total": 691, "correct": 688, "accuracy": 0.9956584659913169}}, "dev": {"denotation": {"total": 186, "correct": 157, "accuracy": 0.8440860215053764}, "token": {"total": 5721, "correct": 4983, "accuracy": 0.8710015731515469}, "sentence": {"total": 186, "correct": 129, "accuracy": 0.6935483870967742}}}
