{"train": {"denotation": {"total": 691, "correct": 689, "accuracy": 0.9971056439942113}, "token": {"total": 22690, "correct": 22599, "accuracy": 0.9959894226531512}, "sentence": {"total": 691, "correct": 688, "accuracy": 0.9956584659913169}}, "dev": {"denotation": {"total": 186, "correct": 144, "accuracy": 0.7741935483870968}, "token": {"total": 5721, "correct": 5016, "accuracy": 0.8767697954902989}, "sentence": {"total": 186, "correct": 120, "accuracy": 0.6451612903225806}}}
