{"train": {"denotation": {"total": 691, "correct": 690, "accuracy": 0.9985528219971056}, "token": {"total": 22690, "correct": 22632, "accuracy": 0.9974438078448655}, "sentence": {"total": 691, "correct": 688, "accuracy": 0.9956584659913169}}, "dev": {"denotation": {"total": 186, "correct": 149, "accuracy": 0.8010752688172043}, "token": {"total": 5721, "correct": 5038, "accuracy": 0.8806152770494668}, "sentence": {"total": 186, "correct": 122, "accuracy": 0.6559139784946236}}}
