{"train": {"denotation": {"total": 691, "correct": 689, "accuracy": 0.9971056439942113}, "token": {"total": 22690, "correct": 22643, "accuracy": 0.9979286029087704}, "sentence": {"total": 691, "correct": 688, "accuracy": 0.9956584659913169}}, "dev": {"denotation": {"total": 186, "correct": 151, "accuracy": 0.8118279569892473}, "token": {"total": 5721, "correct": 5075, "accuracy": 0.8870826778535221}, "sentence": {"total": 186, "correct": 124, "accuracy": 0.6666666666666666}}}
