{"train": {"denotation": {"total": 691, "correct": 689, "accuracy": 0.9971056439942113}, "token": {"total": 22690, "correct": 22652, "accuracy": 0.9983252534156016}, "sentence": {"total": 691, "correct": 688, "accuracy": 0.9956584659913169}}, "dev": {"denotation": {"total": 186, "correct": 138, "accuracy": 0.7419354838709677}, "token": {"total": 5721, "correct": 4914, "accuracy": 0.8589407446250655}, "sentence": {"total": 186, "correct": 111, "accuracy": 0.5967741935483871}}}
