{"train": {"denotation": {"total": 691, "correct": 689, "accuracy": 0.9971056439942113}, "token": {"total": 22690, "correct": 22566, "accuracy": 0.9945350374614368}, "sentence": {"total": 691, "correct": 689, "accuracy": 0.9971056439942113}}, "dev": {"denotation": {"total": 186, "correct": 141, "accuracy": 0.7580645161290323}, "token": {"total": 5721, "correct": 5024, "accuracy": 0.8781681524209054}, "sentence": {"total": 186, "correct": 113, "accuracy": 0.6075268817204301}}}
