{"train": {"denotation": {"total": 691, "correct": 690, "accuracy": 0.9985528219971056}, "token": {"total": 22690, "correct": 22602, "accuracy": 0.9961216394887615}, "sentence": {"total": 691, "correct": 688, "accuracy": 0.9956584659913169}}, "dev": {"denotation": {"total": 186, "correct": 134, "accuracy": 0.7204301075268817}, "token": {"total": 5721, "correct": 4968, "accuracy": 0.8683796539066597}, "sentence": {"total": 186, "correct": 107, "accuracy": 0.5752688172043011}}}
