{"train": {"denotation": {"total": 691, "correct": 689, "accuracy": 0.9971056439942113}, "token": {"total": 22690, "correct": 22591, "accuracy": 0.9956368444248568}, "sentence": {"total": 691, "correct": 687, "accuracy": 0.9942112879884226}}, "dev": {"denotation": {"total": 186, "correct": 140, "accuracy": 0.7526881720430108}, "token": {"total": 5721, "correct": 5038, "accuracy": 0.8806152770494668}, "sentence": {"total": 186, "correct": 107, "accuracy": 0.5752688172043011}}}
