{"train": {"denotation": {"total": 691, "correct": 689, "accuracy": 0.9971056439942113}, "token": {"total": 22690, "correct": 22560, "accuracy": 0.9942706037902159}, "sentence": {"total": 691, "correct": 688, "accuracy": 0.9956584659913169}}, "dev": {"denotation": {"total": 186, "correct": 140, "accuracy": 0.7526881720430108}, "token": {"total": 5721, "correct": 4953, "accuracy": 0.8657577346617724}, "sentence": {"total": 186, "correct": 109, "accuracy": 0.5860215053763441}}}
