{"train": {"denotation": {"total": 691, "correct": 690, "accuracy": 0.9985528219971056}, "token": {"total": 22690, "correct": 22602, "accuracy": 0.9961216394887615}, "sentence": {"total": 691, "correct": 688, "accuracy": 0.9956584659913169}}, "dev": {"denotation": {"total": 186, "correct": 133, "accuracy": 0.7150537634408602}, "token": {"total": 5721, "correct": 4732, "accuracy": 0.8271281244537668}, "sentence": {"total": 186, "correct": 104, "accuracy": 0.5591397849462365}}}
