{"train": {"denotation": {"total": 691, "correct": 689, "accuracy": 0.9971056439942113}, "token": {"total": 22690, "correct": 22602, "accuracy": 0.9961216394887615}, "sentence": {"total": 691, "correct": 688, "accuracy": 0.9956584659913169}}, "dev": {"denotation": {"total": 186, "correct": 138, "accuracy": 0.7419354838709677}, "token": {"total": 5721, "correct": 4976, "accuracy": 0.8697780108372662}, "sentence": {"total": 186, "correct": 111, "accuracy": 0.5967741935483871}}}
