{"train": {"denotation": {"total": 691, "correct": 689, "accuracy": 0.9971056439942113}, "token": {"total": 22690, "correct": 22631, "accuracy": 0.9973997355663288}, "sentence": {"total": 691, "correct": 688, "accuracy": 0.9956584659913169}}, "dev": {"denotation": {"total": 186, "correct": 133, "accuracy": 0.7150537634408602}, "token": {"total": 5721, "correct": 4917, "accuracy": 0.859465128474043}, "sentence": {"total": 186, "correct": 102, "accuracy": 0.5483870967741935}}}
