{"train": {"denotation": {"total": 691, "correct": 689, "accuracy": 0.9971056439942113}, "token": {"total": 22690, "correct": 22593, "accuracy": 0.9957249889819304}, "sentence": {"total": 691, "correct": 688, "accuracy": 0.9956584659913169}}, "dev": {"denotation": {"total": 186, "correct": 150, "accuracy": 0.8064516129032258}, "token": {"total": 5721, "correct": 5016, "accuracy": 0.8767697954902989}, "sentence": {"total": 186, "correct": 124, "accuracy": 0.6666666666666666}}}
