{"train": {"denotation": {"total": 691, "correct": 690, "accuracy": 0.9985528219971056}, "token": {"total": 22690, "correct": 22632, "accuracy": 0.9974438078448655}, "sentence": {"total": 691, "correct": 688, "accuracy": 0.9956584659913169}}, "dev": {"denotation": {"total": 186, "correct": 155, "accuracy": 0.8333333333333334}, "token": {"total": 5721, "correct": 5080, "accuracy": 0.8879566509351512}, "sentence": {"total": 186, "correct": 129, "accuracy": 0.6935483870967742}}}
