{"train": {"denotation": {"total": 691, "correct": 690, "accuracy": 0.9985528219971056}, "token": {"total": 22690, "correct": 22630, "accuracy": 0.997355663287792}, "sentence": {"total": 691, "correct": 689, "accuracy": 0.9971056439942113}}, "dev": {"denotation": {"total": 186, "correct": 149, "accuracy": 0.8010752688172043}, "token": {"total": 5721, "correct": 5090, "accuracy": 0.8897045970984093}, "sentence": {"total": 186, "correct": 127, "accuracy": 0.6827956989247311}}}
