{"train": {"denotation": {"total": 691, "correct": 689, "accuracy": 0.9971056439942113}, "token": {"total": 22690, "correct": 22652, "accuracy": 0.9983252534156016}, "sentence": {"total": 691, "correct": 688, "accuracy": 0.9956584659913169}}, "dev": {"denotation": {"total": 186, "correct": 155, "accuracy": 0.8333333333333334}, "token": {"total": 5721, "correct": 5043, "accuracy": 0.8814892501310959}, "sentence": {"total": 186, "correct": 129, "accuracy": 0.6935483870967742}}}
