{"train": {"denotation": {"total": 691, "correct": 689, "accuracy": 0.9971056439942113}, "token": {"total": 22690, "correct": 22627, "accuracy": 0.9972234464521815}, "sentence": {"total": 691, "correct": 688, "accuracy": 0.9956584659913169}}, "dev": {"denotation": {"total": 186, "correct": 123, "accuracy": 0.6612903225806451}, "token": {"total": 5721, "correct": 4846, "accuracy": 0.84705471071491}, "sentence": {"total": 186, "correct": 95, "accuracy": 0.510752688172043}}}
