{"train": {"denotation": {"total": 598, "correct": 598, "accuracy": 1.0}, "token": {"total": 19273, "correct": 19273, "accuracy": 1.0}, "sentence": {"total": 598, "correct": 598, "accuracy": 1.0}}, "dev": {"denotation": {"total": 279, "correct": 245, "accuracy": 0.8781362007168458}, "token": {"total": 9138, "correct": 8079, "accuracy": 0.8841103086014446}, "sentence": {"total": 279, "correct": 215, "accuracy": 0.7706093189964157}}}
