{"train": {"denotation": {"total": 598, "correct": 597, "accuracy": 0.9983277591973244}, "token": {"total": 19273, "correct": 19239, "accuracy": 0.9982358740206506}, "sentence": {"total": 598, "correct": 596, "accuracy": 0.9966555183946488}}, "dev": {"denotation": {"total": 279, "correct": 243, "accuracy": 0.8709677419354839}, "token": {"total": 9138, "correct": 8079, "accuracy": 0.8841103086014446}, "sentence": {"total": 279, "correct": 221, "accuracy": 0.7921146953405018}}}
