{"train": {"denotation": {"total": 598, "correct": 597, "accuracy": 0.9983277591973244}, "token": {"total": 19273, "correct": 19245, "accuracy": 0.9985471903699475}, "sentence": {"total": 598, "correct": 597, "accuracy": 0.9983277591973244}}, "dev": {"denotation": {"total": 279, "correct": 241, "accuracy": 0.8637992831541219}, "token": {"total": 9138, "correct": 8094, "accuracy": 0.8857518056467498}, "sentence": {"total": 279, "correct": 218, "accuracy": 0.7813620071684588}}}
