{"train": {"denotation": {"total": 598, "correct": 597, "accuracy": 0.9983277591973244}, "token": {"total": 19273, "correct": 19245, "accuracy": 0.9985471903699475}, "sentence": {"total": 598, "correct": 597, "accuracy": 0.9983277591973244}}, "dev": {"denotation": {"total": 279, "correct": 244, "accuracy": 0.8745519713261649}, "token": {"total": 9138, "correct": 8023, "accuracy": 0.877982052965638}, "sentence": {"total": 279, "correct": 214, "accuracy": 0.7670250896057348}}}
