{"train": {"denotation": {"total": 598, "correct": 598, "accuracy": 1.0}, "token": {"total": 19273, "correct": 19273, "accuracy": 1.0}, "sentence": {"total": 598, "correct": 598, "accuracy": 1.0}}, "dev": {"denotation": {"total": 279, "correct": 246, "accuracy": 0.8817204301075269}, "token": {"total": 9138, "correct": 8089, "accuracy": 0.8852046399649814}, "sentence": {"total": 279, "correct": 223, "accuracy": 0.7992831541218638}}}
