{"train": {"denotation": {"total": 598, "correct": 597, "accuracy": 0.9983277591973244}, "token": {"total": 19273, "correct": 19245, "accuracy": 0.9985471903699475}, "sentence": {"total": 598, "correct": 597, "accuracy": 0.9983277591973244}}, "dev": {"denotation": {"total": 279, "correct": 240, "accuracy": 0.8602150537634409}, "token": {"total": 9138, "correct": 7974, "accuracy": 0.8726198292843073}, "sentence": {"total": 279, "correct": 217, "accuracy": 0.7777777777777778}}}
