{"train": {"denotation": {"total": 598, "correct": 597, "accuracy": 0.9983277591973244}, "token": {"total": 19273, "correct": 19245, "accuracy": 0.9985471903699475}, "sentence": {"total": 598, "correct": 597, "accuracy": 0.9983277591973244}}, "dev": {"denotation": {"total": 279, "correct": 248, "accuracy": 0.8888888888888888}, "token": {"total": 9138, "correct": 8040, "accuracy": 0.8798424162836507}, "sentence": {"total": 279, "correct": 218, "accuracy": 0.7813620071684588}}}
