{"train": {"denotation": {"total": 598, "correct": 597, "accuracy": 0.9983277591973244}, "token": {"total": 19273, "correct": 19245, "accuracy": 0.9985471903699475}, "sentence": {"total": 598, "correct": 597, "accuracy": 0.9983277591973244}}, "dev": {"denotation": {"total": 279, "correct": 242, "accuracy": 0.8673835125448028}, "token": {"total": 9138, "correct": 7962, "accuracy": 0.871306631648063}, "sentence": {"total": 279, "correct": 214, "accuracy": 0.7670250896057348}}}
