{"train": {"denotation": {"total": 598, "correct": 598, "accuracy": 1.0}, "token": {"total": 19273, "correct": 19267, "accuracy": 0.9996886836507031}, "sentence": {"total": 598, "correct": 597, "accuracy": 0.9983277591973244}}, "dev": {"denotation": {"total": 279, "correct": 239, "accuracy": 0.8566308243727598}, "token": {"total": 9138, "correct": 8095, "accuracy": 0.8858612387831035}, "sentence": {"total": 279, "correct": 216, "accuracy": 0.7741935483870968}}}
