{"train": {"denotation": {"total": 598, "correct": 597, "accuracy": 0.9983277591973244}, "token": {"total": 19273, "correct": 19223, "accuracy": 0.9974056970891921}, "sentence": {"total": 598, "correct": 595, "accuracy": 0.9949832775919732}}, "dev": {"denotation": {"total": 279, "correct": 240, "accuracy": 0.8602150537634409}, "token": {"total": 9138, "correct": 7950, "accuracy": 0.8699934340118188}, "sentence": {"total": 279, "correct": 214, "accuracy": 0.7670250896057348}}}
