{"train": {"denotation": {"total": 691, "correct": 689, "accuracy": 0.9971056439942113}, "token": {"total": 22690, "correct": 22634, "accuracy": 0.9975319524019391}, "sentence": {"total": 691, "correct": 689, "accuracy": 0.9971056439942113}}, "dev": {"denotation": {"total": 186, "correct": 142, "accuracy": 0.7634408602150538}, "token": {"total": 5721, "correct": 5108, "accuracy": 0.8928509001922741}, "sentence": {"total": 186, "correct": 117, "accuracy": 0.6290322580645161}}}
