{"train": {"denotation": {"total": 691, "correct": 689, "accuracy": 0.9971056439942113}, "token": {"total": 22690, "correct": 22615, "accuracy": 0.99669457910974}, "sentence": {"total": 691, "correct": 688, "accuracy": 0.9956584659913169}}, "dev": {"denotation": {"total": 186, "correct": 137, "accuracy": 0.7365591397849462}, "token": {"total": 5721, "correct": 5057, "accuracy": 0.8839363747596574}, "sentence": {"total": 186, "correct": 112, "accuracy": 0.6021505376344086}}}
