{"train": {"denotation": {"total": 691, "correct": 690, "accuracy": 0.9985528219971056}, "token": {"total": 22690, "correct": 22604, "accuracy": 0.9962097840458352}, "sentence": {"total": 691, "correct": 689, "accuracy": 0.9971056439942113}}, "dev": {"denotation": {"total": 186, "correct": 139, "accuracy": 0.7473118279569892}, "token": {"total": 5721, "correct": 4984, "accuracy": 0.8711763677678728}, "sentence": {"total": 186, "correct": 111, "accuracy": 0.5967741935483871}}}
