{"train": {"denotation": {"total": 691, "correct": 691, "accuracy": 1.0}, "token": {"total": 22690, "correct": 22636, "accuracy": 0.9976200969590128}, "sentence": {"total": 691, "correct": 690, "accuracy": 0.9985528219971056}}, "dev": {"denotation": {"total": 186, "correct": 142, "accuracy": 0.7634408602150538}, "token": {"total": 5721, "correct": 5039, "accuracy": 0.8807900716657927}, "sentence": {"total": 186, "correct": 110, "accuracy": 0.5913978494623656}}}
