{"train": {"denotation": {"total": 691, "correct": 690, "accuracy": 0.9985528219971056}, "token": {"total": 22690, "correct": 22598, "accuracy": 0.9959453503746144}, "sentence": {"total": 691, "correct": 688, "accuracy": 0.9956584659913169}}, "dev": {"denotation": {"total": 186, "correct": 150, "accuracy": 0.8064516129032258}, "token": {"total": 5721, "correct": 5131, "accuracy": 0.8968711763677679}, "sentence": {"total": 186, "correct": 127, "accuracy": 0.6827956989247311}}}
