{"train": {"denotation": {"total": 691, "correct": 690, "accuracy": 0.9985528219971056}, "token": {"total": 22690, "correct": 22598, "accuracy": 0.9959453503746144}, "sentence": {"total": 691, "correct": 688, "accuracy": 0.9956584659913169}}, "dev": {"denotation": {"total": 186, "correct": 139, "accuracy": 0.7473118279569892}, "token": {"total": 5721, "correct": 5063, "accuracy": 0.8849851424576123}, "sentence": {"total": 186, "correct": 112, "accuracy": 0.6021505376344086}}}
