{"train": {"denotation": {"total": 691, "correct": 690, "accuracy": 0.9985528219971056}, "token": {"total": 22690, "correct": 22649, "accuracy": 0.9981930365799911}, "sentence": {"total": 691, "correct": 689, "accuracy": 0.9971056439942113}}, "dev": {"denotation": {"total": 186, "correct": 136, "accuracy": 0.7311827956989247}, "token": {"total": 5721, "correct": 4982, "accuracy": 0.8708267785352212}, "sentence": {"total": 186, "correct": 108, "accuracy": 0.5806451612903226}}}
