{"train": {"denotation": {"total": 691, "correct": 690, "accuracy": 0.9985528219971056}, "token": {"total": 22690, "correct": 22602, "accuracy": 0.9961216394887615}, "sentence": {"total": 691, "correct": 688, "accuracy": 0.9956584659913169}}, "dev": {"denotation": {"total": 186, "correct": 145, "accuracy": 0.7795698924731183}, "token": {"total": 5721, "correct": 5128, "accuracy": 0.8963467925187905}, "sentence": {"total": 186, "correct": 121, "accuracy": 0.6505376344086021}}}
