{"train": {"denotation": {"total": 691, "correct": 691, "accuracy": 1.0}, "token": {"total": 22690, "correct": 22630, "accuracy": 0.997355663287792}, "sentence": {"total": 691, "correct": 689, "accuracy": 0.9971056439942113}}, "dev": {"denotation": {"total": 186, "correct": 140, "accuracy": 0.7526881720430108}, "token": {"total": 5721, "correct": 4991, "accuracy": 0.8723999300821534}, "sentence": {"total": 186, "correct": 111, "accuracy": 0.5967741935483871}}}
