{"train": {"denotation": {"total": 691, "correct": 689, "accuracy": 0.9971056439942113}, "token": {"total": 22690, "correct": 22585, "accuracy": 0.9953724107536359}, "sentence": {"total": 691, "correct": 688, "accuracy": 0.9956584659913169}}, "dev": {"denotation": {"total": 186, "correct": 138, "accuracy": 0.7419354838709677}, "token": {"total": 5721, "correct": 5153, "accuracy": 0.9007166579269359}, "sentence": {"total": 186, "correct": 114, "accuracy": 0.6129032258064516}}}
