{"train": {"denotation": {"total": 598, "correct": 597, "accuracy": 0.9983277591973244}, "token": {"total": 19273, "correct": 19245, "accuracy": 0.9985471903699475}, "sentence": {"total": 598, "correct": 597, "accuracy": 0.9983277591973244}}, "dev": {"denotation": {"total": 279, "correct": 245, "accuracy": 0.8781362007168458}, "token": {"total": 9138, "correct": 8058, "accuracy": 0.881812212738017}, "sentence": {"total": 279, "correct": 222, "accuracy": 0.7956989247311828}}}
