{"train": {"denotation": {"total": 598, "correct": 598, "accuracy": 1.0}, "token": {"total": 19273, "correct": 19273, "accuracy": 1.0}, "sentence": {"total": 598, "correct": 598, "accuracy": 1.0}}, "dev": {"denotation": {"total": 279, "correct": 246, "accuracy": 0.8817204301075269}, "token": {"total": 9138, "correct": 8121, "accuracy": 0.8887065003282995}, "sentence": {"total": 279, "correct": 224, "accuracy": 0.8028673835125448}}}
