{"train": {"denotation": {"total": 598, "correct": 597, "accuracy": 0.9983277591973244}, "token": {"total": 19273, "correct": 19241, "accuracy": 0.9983396461370829}, "sentence": {"total": 598, "correct": 597, "accuracy": 0.9983277591973244}}, "dev": {"denotation": {"total": 279, "correct": 245, "accuracy": 0.8781362007168458}, "token": {"total": 9138, "correct": 8141, "accuracy": 0.8908951630553732}, "sentence": {"total": 279, "correct": 221, "accuracy": 0.7921146953405018}}}
