{"train": {"denotation": {"total": 598, "correct": 597, "accuracy": 0.9983277591973244}, "token": {"total": 19273, "correct": 19243, "accuracy": 0.9984434182535152}, "sentence": {"total": 598, "correct": 597, "accuracy": 0.9983277591973244}}, "dev": {"denotation": {"total": 279, "correct": 244, "accuracy": 0.8745519713261649}, "token": {"total": 9138, "correct": 8075, "accuracy": 0.8836725760560298}, "sentence": {"total": 279, "correct": 216, "accuracy": 0.7741935483870968}}}
