{"train": {"denotation": {"total": 598, "correct": 597, "accuracy": 0.9983277591973244}, "token": {"total": 19273, "correct": 19241, "accuracy": 0.9983396461370829}, "sentence": {"total": 598, "correct": 597, "accuracy": 0.9983277591973244}}, "dev": {"denotation": {"total": 279, "correct": 246, "accuracy": 0.8817204301075269}, "token": {"total": 9138, "correct": 8076, "accuracy": 0.8837820091923835}, "sentence": {"total": 279, "correct": 211, "accuracy": 0.7562724014336918}}}
