{"train": {"denotation": {"total": 598, "correct": 597, "accuracy": 0.9983277591973244}, "token": {"total": 19273, "correct": 19245, "accuracy": 0.9985471903699475}, "sentence": {"total": 598, "correct": 597, "accuracy": 0.9983277591973244}}, "dev": {"denotation": {"total": 279, "correct": 246, "accuracy": 0.8817204301075269}, "token": {"total": 9138, "correct": 8054, "accuracy": 0.8813744801926023}, "sentence": {"total": 279, "correct": 220, "accuracy": 0.7885304659498208}}}
