{"train": {"denotation": {"total": 598, "correct": 597, "accuracy": 0.9983277591973244}, "token": {"total": 19273, "correct": 19241, "accuracy": 0.9983396461370829}, "sentence": {"total": 598, "correct": 597, "accuracy": 0.9983277591973244}}, "dev": {"denotation": {"total": 279, "correct": 247, "accuracy": 0.8853046594982079}, "token": {"total": 9138, "correct": 8080, "accuracy": 0.8842197417377982}, "sentence": {"total": 279, "correct": 220, "accuracy": 0.7885304659498208}}}
