{"train": {"denotation": {"total": 598, "correct": 597, "accuracy": 0.9983277591973244}, "token": {"total": 19273, "correct": 19234, "accuracy": 0.9979764437295698}, "sentence": {"total": 598, "correct": 596, "accuracy": 0.9966555183946488}}, "dev": {"denotation": {"total": 279, "correct": 243, "accuracy": 0.8709677419354839}, "token": {"total": 9138, "correct": 8188, "accuracy": 0.8960385204639965}, "sentence": {"total": 279, "correct": 223, "accuracy": 0.7992831541218638}}}
