{"train": {"denotation": {"total": 598, "correct": 597, "accuracy": 0.9983277591973244}, "token": {"total": 19273, "correct": 19239, "accuracy": 0.9982358740206506}, "sentence": {"total": 598, "correct": 596, "accuracy": 0.9966555183946488}}, "dev": {"denotation": {"total": 279, "correct": 242, "accuracy": 0.8673835125448028}, "token": {"total": 9138, "correct": 8080, "accuracy": 0.8842197417377982}, "sentence": {"total": 279, "correct": 214, "accuracy": 0.7670250896057348}}}
