{"train": {"denotation": {"total": 598, "correct": 597, "accuracy": 0.9983277591973244}, "token": {"total": 19273, "correct": 19239, "accuracy": 0.9982358740206506}, "sentence": {"total": 598, "correct": 596, "accuracy": 0.9966555183946488}}, "dev": {"denotation": {"total": 279, "correct": 239, "accuracy": 0.8566308243727598}, "token": {"total": 9138, "correct": 8074, "accuracy": 0.8835631429196761}, "sentence": {"total": 279, "correct": 209, "accuracy": 0.7491039426523297}}}
