{"train": {"denotation": {"total": 598, "correct": 597, "accuracy": 0.9983277591973244}, "token": {"total": 19273, "correct": 19241, "accuracy": 0.9983396461370829}, "sentence": {"total": 598, "correct": 597, "accuracy": 0.9983277591973244}}, "dev": {"denotation": {"total": 279, "correct": 240, "accuracy": 0.8602150537634409}, "token": {"total": 9138, "correct": 8157, "accuracy": 0.8926460932370321}, "sentence": {"total": 279, "correct": 216, "accuracy": 0.7741935483870968}}}
