{"train": {"denotation": {"total": 598, "correct": 597, "accuracy": 0.9983277591973244}, "token": {"total": 19273, "correct": 19235, "accuracy": 0.998028329787786}, "sentence": {"total": 598, "correct": 596, "accuracy": 0.9966555183946488}}, "dev": {"denotation": {"total": 279, "correct": 243, "accuracy": 0.8709677419354839}, "token": {"total": 9138, "correct": 8196, "accuracy": 0.896913985554826}, "sentence": {"total": 279, "correct": 214, "accuracy": 0.7670250896057348}}}
