{"train": {"denotation": {"total": 598, "correct": 597, "accuracy": 0.9983277591973244}, "token": {"total": 19273, "correct": 19253, "accuracy": 0.9989622788356769}, "sentence": {"total": 598, "correct": 597, "accuracy": 0.9983277591973244}}, "dev": {"denotation": {"total": 279, "correct": 242, "accuracy": 0.8673835125448028}, "token": {"total": 9138, "correct": 7947, "accuracy": 0.8696651346027577}, "sentence": {"total": 279, "correct": 207, "accuracy": 0.7419354838709677}}}
