{"train": {"denotation": {"total": 598, "correct": 597, "accuracy": 0.9983277591973244}, "token": {"total": 19273, "correct": 19239, "accuracy": 0.9982358740206506}, "sentence": {"total": 598, "correct": 596, "accuracy": 0.9966555183946488}}, "dev": {"denotation": {"total": 279, "correct": 243, "accuracy": 0.8709677419354839}, "token": {"total": 9138, "correct": 7956, "accuracy": 0.8706500328299409}, "sentence": {"total": 279, "correct": 213, "accuracy": 0.7634408602150538}}}
