{"train": {"denotation": {"total": 598, "correct": 597, "accuracy": 0.9983277591973244}, "token": {"total": 19273, "correct": 19239, "accuracy": 0.9982358740206506}, "sentence": {"total": 598, "correct": 596, "accuracy": 0.9966555183946488}}, "dev": {"denotation": {"total": 279, "correct": 238, "accuracy": 0.8530465949820788}, "token": {"total": 9138, "correct": 7995, "accuracy": 0.8749179251477347}, "sentence": {"total": 279, "correct": 207, "accuracy": 0.7419354838709677}}}
