{"train": {"denotation": {"total": 598, "correct": 597, "accuracy": 0.9983277591973244}, "token": {"total": 19273, "correct": 19245, "accuracy": 0.9985471903699475}, "sentence": {"total": 598, "correct": 597, "accuracy": 0.9983277591973244}}, "dev": {"denotation": {"total": 279, "correct": 243, "accuracy": 0.8709677419354839}, "token": {"total": 9138, "correct": 8118, "accuracy": 0.8883782009192384}, "sentence": {"total": 279, "correct": 221, "accuracy": 0.7921146953405018}}}
