{"train": {"denotation": {"total": 598, "correct": 598, "accuracy": 1.0}, "token": {"total": 19273, "correct": 19267, "accuracy": 0.9996886836507031}, "sentence": {"total": 598, "correct": 597, "accuracy": 0.9983277591973244}}, "dev": {"denotation": {"total": 279, "correct": 253, "accuracy": 0.9068100358422939}, "token": {"total": 9138, "correct": 8212, "accuracy": 0.898664915736485}, "sentence": {"total": 279, "correct": 227, "accuracy": 0.8136200716845878}}}
