{"train": {"denotation": {"total": 598, "correct": 597, "accuracy": 0.9983277591973244}, "token": {"total": 19273, "correct": 19231, "accuracy": 0.9978207855549214}, "sentence": {"total": 598, "correct": 596, "accuracy": 0.9966555183946488}}, "dev": {"denotation": {"total": 279, "correct": 250, "accuracy": 0.8960573476702509}, "token": {"total": 9138, "correct": 8325, "accuracy": 0.9110308601444518}, "sentence": {"total": 279, "correct": 232, "accuracy": 0.8315412186379928}}}
