{"train": {"denotation": {"total": 598, "correct": 598, "accuracy": 1.0}, "token": {"total": 19273, "correct": 19262, "accuracy": 0.9994292533596223}, "sentence": {"total": 598, "correct": 597, "accuracy": 0.9983277591973244}}, "dev": {"denotation": {"total": 279, "correct": 248, "accuracy": 0.8888888888888888}, "token": {"total": 9138, "correct": 8178, "accuracy": 0.8949441891004596}, "sentence": {"total": 279, "correct": 222, "accuracy": 0.7956989247311828}}}
