{"train": {"denotation": {"total": 598, "correct": 597, "accuracy": 0.9983277591973244}, "token": {"total": 19273, "correct": 19232, "accuracy": 0.9978726716131375}, "sentence": {"total": 598, "correct": 596, "accuracy": 0.9966555183946488}}, "dev": {"denotation": {"total": 279, "correct": 248, "accuracy": 0.8888888888888888}, "token": {"total": 9138, "correct": 8169, "accuracy": 0.8939592908732764}, "sentence": {"total": 279, "correct": 226, "accuracy": 0.8100358422939068}}}
