{"train": {"denotation": {"total": 598, "correct": 597, "accuracy": 0.9983277591973244}, "token": {"total": 19273, "correct": 19233, "accuracy": 0.9979245576713537}, "sentence": {"total": 598, "correct": 595, "accuracy": 0.9949832775919732}}, "dev": {"denotation": {"total": 279, "correct": 248, "accuracy": 0.8888888888888888}, "token": {"total": 9138, "correct": 8182, "accuracy": 0.8953819216458744}, "sentence": {"total": 279, "correct": 228, "accuracy": 0.8172043010752689}}}
