{"train": {"denotation": {"total": 598, "correct": 597, "accuracy": 0.9983277591973244}, "token": {"total": 19273, "correct": 19241, "accuracy": 0.9983396461370829}, "sentence": {"total": 598, "correct": 597, "accuracy": 0.9983277591973244}}, "dev": {"denotation": {"total": 279, "correct": 246, "accuracy": 0.8817204301075269}, "token": {"total": 9138, "correct": 8125, "accuracy": 0.8891442328737141}, "sentence": {"total": 279, "correct": 223, "accuracy": 0.7992831541218638}}}
