{"train": {"denotation": {"total": 598, "correct": 597, "accuracy": 0.9983277591973244}, "token": {"total": 19273, "correct": 19239, "accuracy": 0.9982358740206506}, "sentence": {"total": 598, "correct": 596, "accuracy": 0.9966555183946488}}, "dev": {"denotation": {"total": 279, "correct": 252, "accuracy": 0.9032258064516129}, "token": {"total": 9138, "correct": 8283, "accuracy": 0.9064346684175969}, "sentence": {"total": 279, "correct": 230, "accuracy": 0.8243727598566308}}}
