{"train": {"denotation": {"total": 691, "correct": 690, "accuracy": 0.9985528219971056}, "token": {"total": 22690, "correct": 22641, "accuracy": 0.9978404583516968}, "sentence": {"total": 691, "correct": 690, "accuracy": 0.9985528219971056}}, "dev": {"denotation": {"total": 186, "correct": 151, "accuracy": 0.8118279569892473}, "token": {"total": 5721, "correct": 5012, "accuracy": 0.8760706170249957}, "sentence": {"total": 186, "correct": 120, "accuracy": 0.6451612903225806}}}
