{"train": {"denotation": {"total": 691, "correct": 691, "accuracy": 1.0}, "token": {"total": 22690, "correct": 22636, "accuracy": 0.9976200969590128}, "sentence": {"total": 691, "correct": 690, "accuracy": 0.9985528219971056}}, "dev": {"denotation": {"total": 186, "correct": 156, "accuracy": 0.8387096774193549}, "token": {"total": 5721, "correct": 5086, "accuracy": 0.8890054186331061}, "sentence": {"total": 186, "correct": 129, "accuracy": 0.6935483870967742}}}
