{"train": {"denotation": {"total": 691, "correct": 689, "accuracy": 0.9971056439942113}, "token": {"total": 22690, "correct": 22594, "accuracy": 0.9957690612604672}, "sentence": {"total": 691, "correct": 688, "accuracy": 0.9956584659913169}}, "dev": {"denotation": {"total": 186, "correct": 140, "accuracy": 0.7526881720430108}, "token": {"total": 5721, "correct": 5014, "accuracy": 0.8764202062576473}, "sentence": {"total": 186, "correct": 113, "accuracy": 0.6075268817204301}}}
