{"train": {"denotation": {"total": 691, "correct": 689, "accuracy": 0.9971056439942113}, "token": {"total": 22690, "correct": 22628, "accuracy": 0.9972675187307184}, "sentence": {"total": 691, "correct": 689, "accuracy": 0.9971056439942113}}, "dev": {"denotation": {"total": 186, "correct": 145, "accuracy": 0.7795698924731183}, "token": {"total": 5721, "correct": 5002, "accuracy": 0.8743226708617374}, "sentence": {"total": 186, "correct": 120, "accuracy": 0.6451612903225806}}}
