{"train": {"denotation": {"total": 691, "correct": 690, "accuracy": 0.9985528219971056}, "token": {"total": 22690, "correct": 22622, "accuracy": 0.9970030850594975}, "sentence": {"total": 691, "correct": 688, "accuracy": 0.9956584659913169}}, "dev": {"denotation": {"total": 186, "correct": 148, "accuracy": 0.7956989247311828}, "token": {"total": 5721, "correct": 5041, "accuracy": 0.8811396608984443}, "sentence": {"total": 186, "correct": 121, "accuracy": 0.6505376344086021}}}
