{"train": {"denotation": {"total": 691, "correct": 690, "accuracy": 0.9985528219971056}, "token": {"total": 22690, "correct": 22675, "accuracy": 0.999338915821948}, "sentence": {"total": 691, "correct": 689, "accuracy": 0.9971056439942113}}, "dev": {"denotation": {"total": 186, "correct": 139, "accuracy": 0.7473118279569892}, "token": {"total": 5721, "correct": 5014, "accuracy": 0.8764202062576473}, "sentence": {"total": 186, "correct": 108, "accuracy": 0.5806451612903226}}}
