{"train": {"denotation": {"total": 691, "correct": 689, "accuracy": 0.9971056439942113}, "token": {"total": 22690, "correct": 22565, "accuracy": 0.9944909651828999}, "sentence": {"total": 691, "correct": 689, "accuracy": 0.9971056439942113}}, "dev": {"denotation": {"total": 186, "correct": 146, "accuracy": 0.7849462365591398}, "token": {"total": 5721, "correct": 5076, "accuracy": 0.8872574724698479}, "sentence": {"total": 186, "correct": 121, "accuracy": 0.6505376344086021}}}
