{"train": {"denotation": {"total": 691, "correct": 689, "accuracy": 0.9971056439942113}, "token": {"total": 22690, "correct": 22562, "accuracy": 0.9943587483472895}, "sentence": {"total": 691, "correct": 689, "accuracy": 0.9971056439942113}}, "dev": {"denotation": {"total": 186, "correct": 144, "accuracy": 0.7741935483870968}, "token": {"total": 5721, "correct": 4994, "accuracy": 0.8729243139311309}, "sentence": {"total": 186, "correct": 120, "accuracy": 0.6451612903225806}}}
