{"train": {"denotation": {"total": 691, "correct": 689, "accuracy": 0.9971056439942113}, "token": {"total": 22690, "correct": 22652, "accuracy": 0.9983252534156016}, "sentence": {"total": 691, "correct": 688, "accuracy": 0.9956584659913169}}, "dev": {"denotation": {"total": 186, "correct": 140, "accuracy": 0.7526881720430108}, "token": {"total": 5721, "correct": 5047, "accuracy": 0.8821884285963992}, "sentence": {"total": 186, "correct": 112, "accuracy": 0.6021505376344086}}}
